{
    "metadata":{
        "generator":"io_three",
        "type":"BufferGeometry",
        "normal":34,
        "version":3,
        "position":34
    },
    "data":{
        "index":{
            "array":[0,1,2,3,4,5,6,7,8,9,10,11,12,13,14,15,16,17,0,18,1,19,20,21,22,23,24,25,26,27,28,29,30,31,32,33],
            "type":"Uint16Array",
            "itemSize":1
        },
        "attributes":{
            "position":{
                "array":[0.847552,-0.745323,-0.968755,-1.15245,-0.745323,1.03124,-1.15245,-0.745323,-0.968756,-1.15245,1.25468,-0.968755,0.847552,1.25468,1.03125,0.847553,1.25468,-0.968755,0.847553,1.25468,-0.968755,0.847552,-0.745323,1.03124,0.847552,-0.745323,-0.968755,0.847552,1.25468,1.03125,-1.15245,-0.745323,1.03124,0.847552,-0.745323,1.03124,-1.15245,-0.745323,1.03124,-1.15245,1.25468,-0.968755,-1.15245,-0.745323,-0.968756,0.847552,-0.745323,-0.968755,-1.15245,1.25468,-0.968755,0.847553,1.25468,-0.968755,0.847552,-0.745323,1.03124,-1.15245,1.25468,-0.968755,-1.15245,1.25468,1.03124,0.847552,1.25468,1.03125,0.847553,1.25468,-0.968755,0.847552,1.25468,1.03125,0.847552,-0.745323,1.03124,0.847552,1.25468,1.03125,-1.15245,1.25468,1.03124,-1.15245,-0.745323,1.03124,-1.15245,-0.745323,1.03124,-1.15245,1.25468,1.03124,-1.15245,1.25468,-0.968755,0.847552,-0.745323,-0.968755,-1.15245,-0.745323,-0.968756,-1.15245,1.25468,-0.968755],
                "type":"Float32Array",
                "itemSize":3
            },
            "normal":{
                "array":[0,-1,0,0,-1,0,0,-1,0,1.42109e-14,1,-5.96046e-08,1.42109e-14,1,-5.96046e-08,1.42109e-14,1,-5.96046e-08,1,-2.38419e-07,0,1,-2.38419e-07,0,1,-2.38419e-07,0,-5.96046e-08,-2.98023e-07,1,-5.96046e-08,-2.98023e-07,1,-5.96046e-08,-2.98023e-07,1,-1,-1.78814e-07,-2.38419e-07,-1,-1.78814e-07,-2.38419e-07,-1,-1.78814e-07,-2.38419e-07,2.38419e-07,1.78814e-07,-1,2.38419e-07,1.78814e-07,-1,2.38419e-07,1.78814e-07,-1,0,-1,0,2.84217e-14,1,-5.96047e-08,2.84217e-14,1,-5.96047e-08,2.84217e-14,1,-5.96047e-08,1,3.27825e-07,5.66244e-07,1,3.27825e-07,5.66244e-07,1,3.27825e-07,5.66244e-07,-4.76837e-07,1.19209e-07,1,-4.76837e-07,1.19209e-07,1,-4.76837e-07,1.19209e-07,1,-1,-1.19209e-07,-1.78814e-07,-1,-1.19209e-07,-1.78814e-07,-1,-1.19209e-07,-1.78814e-07,2.38419e-07,1.78814e-07,-1,2.38419e-07,1.78814e-07,-1,2.38419e-07,1.78814e-07,-1],
                "type":"Float32Array",
                "itemSize":3
            }
        },
        "groups":[{
            "start":0,
            "count":36,
            "materialIndex":0
        }]
    }
}